<?xml version="1.0"?>
<BuildLog xmlns:xsi="http://www.w3.org/2001/XMLSchema-instance" xmlns:xsd="http://www.w3.org/2001/XMLSchema">
  <ProjectInfo>
    <Name>Integration Services Project1</Name>
    <LastWriteTime>2023-05-08T17:20:52.5417805Z</LastWriteTime>
    <LastKnownProtectionLevel>EncryptSensitiveWithUserKey</LastKnownProtectionLevel>
  </ProjectInfo>
  <LastBuildInfos>
    <ProjectBuildItemInfo>
      <Name>Package1.dtsx</Name>
      <LastWriteTime>2023-05-08T17:44:20.5029742Z</LastWriteTime>
      <LastKnownProtectionLevel>EncryptSensitiveWithUserKey</LastKnownProtectionLevel>
    </ProjectBuildItemInfo>
    <ProjectBuildItemInfo>
      <Name>EmployeeFactTable.dtsx</Name>
      <LastWriteTime>2023-05-08T16:07:33.6314905Z</LastWriteTime>
      <LastKnownProtectionLevel>EncryptSensitiveWithUserKey</LastKnownProtectionLevel>
    </ProjectBuildItemInfo>
    <ProjectBuildItemInfo>
      <Name>Customer.dtsx</Name>
      <LastWriteTime>2023-05-08T09:55:54.5408199Z</LastWriteTime>
      <LastKnownProtectionLevel>EncryptSensitiveWithUserKey</LastKnownProtectionLevel>
    </ProjectBuildItemInfo>
    <ProjectBuildItemInfo>
      <Name>DailyNumOfCustomer_FactTable.dtsx</Name>
      <LastWriteTime>2023-05-08T12:36:14.4387637Z</LastWriteTime>
      <LastKnownProtectionLevel>EncryptSensitiveWithUserKey</LastKnownProtectionLevel>
    </ProjectBuildItemInfo>
    <ProjectBuildItemInfo>
      <Name>TotalProductRevenue.dtsx</Name>
      <LastWriteTime>2023-05-08T15:59:22.678404Z</LastWriteTime>
      <LastKnownProtectionLevel>EncryptSensitiveWithUserKey</LastKnownProtectionLevel>
    </ProjectBuildItemInfo>
  </LastBuildInfos>
</BuildLog>